{
  "hash": "9811688e",
  "configHash": "051a2e05",
  "lockfileHash": "b7ffe24d",
  "browserHash": "c60f735e",
  "optimized": {
    "@angular/common": {
      "src": "../../../../../../node_modules/@angular/common/fesm2022/common.mjs",
      "file": "@angular_common.js",
      "fileHash": "9d8a4215",
      "needsInterop": false
    },
    "@angular/common/http": {
      "src": "../../../../../../node_modules/@angular/common/fesm2022/http.mjs",
      "file": "@angular_common_http.js",
      "fileHash": "5aad1420",
      "needsInterop": false
    },
    "@angular/core": {
      "src": "../../../../../../node_modules/@angular/core/fesm2022/core.mjs",
      "file": "@angular_core.js",
      "fileHash": "7a0d0ebb",
      "needsInterop": false
    },
    "@angular/localize/init": {
      "src": "../../../../../../node_modules/@angular/localize/fesm2022/init.mjs",
      "file": "@angular_localize_init.js",
      "fileHash": "d596ef26",
      "needsInterop": false
    },
    "@angular/platform-browser": {
      "src": "../../../../../../node_modules/@angular/platform-browser/fesm2022/platform-browser.mjs",
      "file": "@angular_platform-browser.js",
      "fileHash": "cdac0102",
      "needsInterop": false
    },
    "@angular/router": {
      "src": "../../../../../../node_modules/@angular/router/fesm2022/router.mjs",
      "file": "@angular_router.js",
      "fileHash": "eba6f2bc",
      "needsInterop": false
    },
    "@ng-bootstrap/ng-bootstrap": {
      "src": "../../../../../../node_modules/@ng-bootstrap/ng-bootstrap/fesm2022/ng-bootstrap.mjs",
      "file": "@ng-bootstrap_ng-bootstrap.js",
      "fileHash": "06d9c623",
      "needsInterop": false
    },
    "jquery": {
      "src": "../../../../../../node_modules/jquery/dist/jquery.js",
      "file": "jquery.js",
      "fileHash": "9913641b",
      "needsInterop": true
    },
    "zone.js": {
      "src": "../../../../../../node_modules/zone.js/fesm2015/zone.js",
      "file": "zone__js.js",
      "fileHash": "d83cfe9f",
      "needsInterop": true
    },
    "@angular/forms": {
      "src": "../../../../../../node_modules/@angular/forms/fesm2022/forms.mjs",
      "file": "@angular_forms.js",
      "fileHash": "33b7a26d",
      "needsInterop": false
    }
  },
  "chunks": {
    "chunk-V2FDUKG7": {
      "file": "chunk-V2FDUKG7.js"
    },
    "chunk-MRRLXPAP": {
      "file": "chunk-MRRLXPAP.js"
    },
    "chunk-EERSP4TS": {
      "file": "chunk-EERSP4TS.js"
    },
    "chunk-CKXI2S6A": {
      "file": "chunk-CKXI2S6A.js"
    },
    "chunk-AGCF4D2E": {
      "file": "chunk-AGCF4D2E.js"
    },
    "chunk-YIVAOUFP": {
      "file": "chunk-YIVAOUFP.js"
    },
    "chunk-3OV72XIM": {
      "file": "chunk-3OV72XIM.js"
    }
  }
}